"user","session","task","iteration","shiftRight","shiftLeft","capsLock"
"1060d17b-2e21-4a6b-90f1-f451764a20d0","0","2a","0","0","0","0"
"1060d17b-2e21-4a6b-90f1-f451764a20d0","0","2a","1","0","0","0"
"1060d17b-2e21-4a6b-90f1-f451764a20d0","0","2a","2","0","0","0"
"1060d17b-2e21-4a6b-90f1-f451764a20d0","0","2a","3","0","0","0"
"1060d17b-2e21-4a6b-90f1-f451764a20d0","0","2a","4","0","0","0"
"1060d17b-2e21-4a6b-90f1-f451764a20d0","0","2a","5","0","0","0"
"1060d17b-2e21-4a6b-90f1-f451764a20d0","0","2a","6","0","0","0"
"1060d17b-2e21-4a6b-90f1-f451764a20d0","0","2a","7","0","0","0"
"1060d17b-2e21-4a6b-90f1-f451764a20d0","0","2a","8","0","0","0"
"1060d17b-2e21-4a6b-90f1-f451764a20d0","0","2a","9","0","0","0"
"1060d17b-2e21-4a6b-90f1-f451764a20d0","0","2a","10","0","0","0"
"1060d17b-2e21-4a6b-90f1-f451764a20d0","1","2a","0","0","0","0"
"1060d17b-2e21-4a6b-90f1-f451764a20d0","1","2a","1","0","0","0"
"1060d17b-2e21-4a6b-90f1-f451764a20d0","1","2a","2","0","0","0"
"1060d17b-2e21-4a6b-90f1-f451764a20d0","1","2a","3","0","0","0"
"1060d17b-2e21-4a6b-90f1-f451764a20d0","1","2a","4","0","0","0"
"1060d17b-2e21-4a6b-90f1-f451764a20d0","1","2a","5","0","0","0"
"1060d17b-2e21-4a6b-90f1-f451764a20d0","1","2a","6","0","0","0"
"1060d17b-2e21-4a6b-90f1-f451764a20d0","1","2a","7","0","0","0"
"1060d17b-2e21-4a6b-90f1-f451764a20d0","1","2a","8","0","0","0"
"1060d17b-2e21-4a6b-90f1-f451764a20d0","1","2a","9","0","0","0"
"1060d17b-2e21-4a6b-90f1-f451764a20d0","1","2a","10","0","0","0"
"1060d17b-2e21-4a6b-90f1-f451764a20d0","2","2a","0","0","0","0"
"1060d17b-2e21-4a6b-90f1-f451764a20d0","2","2a","1","0","0","0"
"1060d17b-2e21-4a6b-90f1-f451764a20d0","2","2a","2","0","0","0"
"1060d17b-2e21-4a6b-90f1-f451764a20d0","2","2a","3","0","0","0"
"1060d17b-2e21-4a6b-90f1-f451764a20d0","2","2a","4","0","0","0"
"1060d17b-2e21-4a6b-90f1-f451764a20d0","2","2a","5","0","0","0"
"1060d17b-2e21-4a6b-90f1-f451764a20d0","2","2a","6","0","0","0"
"1060d17b-2e21-4a6b-90f1-f451764a20d0","2","2a","7","0","0","0"
"1060d17b-2e21-4a6b-90f1-f451764a20d0","2","2a","8","0","0","0"
"1060d17b-2e21-4a6b-90f1-f451764a20d0","2","2a","9","0","0","0"
"1060d17b-2e21-4a6b-90f1-f451764a20d0","2","2a","10","0","0","0"
"10f69cd9-1e5d-4e54-93e8-bfbae554d069","0","2a","0","0","0","0"
"10f69cd9-1e5d-4e54-93e8-bfbae554d069","0","2a","1","0","0","0"
"10f69cd9-1e5d-4e54-93e8-bfbae554d069","0","2a","2","0","0","0"
"10f69cd9-1e5d-4e54-93e8-bfbae554d069","0","2a","3","0","0","0"
"10f69cd9-1e5d-4e54-93e8-bfbae554d069","0","2a","4","0","0","0"
"10f69cd9-1e5d-4e54-93e8-bfbae554d069","0","2a","5","0","0","0"
"10f69cd9-1e5d-4e54-93e8-bfbae554d069","0","2a","6","0","0","0"
"10f69cd9-1e5d-4e54-93e8-bfbae554d069","0","2a","7","0","0","0"
"10f69cd9-1e5d-4e54-93e8-bfbae554d069","0","2a","8","0","0","0"
"10f69cd9-1e5d-4e54-93e8-bfbae554d069","0","2a","9","0","0","0"
"10f69cd9-1e5d-4e54-93e8-bfbae554d069","0","2a","10","0","0","0"
"10f69cd9-1e5d-4e54-93e8-bfbae554d069","1","2a","0","0","0","0"
"10f69cd9-1e5d-4e54-93e8-bfbae554d069","1","2a","1","0","0","0"
"10f69cd9-1e5d-4e54-93e8-bfbae554d069","1","2a","2","0","0","0"
"10f69cd9-1e5d-4e54-93e8-bfbae554d069","1","2a","3","0","0","0"
"10f69cd9-1e5d-4e54-93e8-bfbae554d069","1","2a","4","0","0","0"
"10f69cd9-1e5d-4e54-93e8-bfbae554d069","1","2a","5","0","0","0"
"10f69cd9-1e5d-4e54-93e8-bfbae554d069","1","2a","6","0","0","0"
"10f69cd9-1e5d-4e54-93e8-bfbae554d069","1","2a","7","0","0","0"
"10f69cd9-1e5d-4e54-93e8-bfbae554d069","1","2a","8","0","0","0"
"10f69cd9-1e5d-4e54-93e8-bfbae554d069","1","2a","9","0","0","0"
"10f69cd9-1e5d-4e54-93e8-bfbae554d069","1","2a","10","0","0","0"
"10f69cd9-1e5d-4e54-93e8-bfbae554d069","2","2a","0","0","0","0"
"10f69cd9-1e5d-4e54-93e8-bfbae554d069","2","2a","1","0","0","0"
"10f69cd9-1e5d-4e54-93e8-bfbae554d069","2","2a","2","0","0","0"
"10f69cd9-1e5d-4e54-93e8-bfbae554d069","2","2a","3","0","0","0"
"10f69cd9-1e5d-4e54-93e8-bfbae554d069","2","2a","4","0","0","0"
"10f69cd9-1e5d-4e54-93e8-bfbae554d069","2","2a","5","0","0","0"
"10f69cd9-1e5d-4e54-93e8-bfbae554d069","2","2a","6","0","0","0"
"10f69cd9-1e5d-4e54-93e8-bfbae554d069","2","2a","7","0","0","0"
"10f69cd9-1e5d-4e54-93e8-bfbae554d069","2","2a","8","0","0","0"
"10f69cd9-1e5d-4e54-93e8-bfbae554d069","2","2a","9","0","0","0"
"10f69cd9-1e5d-4e54-93e8-bfbae554d069","2","2a","10","0","0","0"
"183e93f8-2ef0-4250-be77-b2d8a02c1033","0","2a","0","0","0","0"
"183e93f8-2ef0-4250-be77-b2d8a02c1033","0","2a","1","0","0","0"
"183e93f8-2ef0-4250-be77-b2d8a02c1033","0","2a","2","0","0","0"
"183e93f8-2ef0-4250-be77-b2d8a02c1033","0","2a","3","0","0","0"
"183e93f8-2ef0-4250-be77-b2d8a02c1033","0","2a","4","0","0","0"
"183e93f8-2ef0-4250-be77-b2d8a02c1033","0","2a","5","0","0","0"
"183e93f8-2ef0-4250-be77-b2d8a02c1033","0","2a","6","0","0","0"
"183e93f8-2ef0-4250-be77-b2d8a02c1033","0","2a","7","0","0","0"
"183e93f8-2ef0-4250-be77-b2d8a02c1033","0","2a","8","0","0","0"
"183e93f8-2ef0-4250-be77-b2d8a02c1033","0","2a","9","0","0","0"
"183e93f8-2ef0-4250-be77-b2d8a02c1033","0","2a","10","0","0","0"
"183e93f8-2ef0-4250-be77-b2d8a02c1033","1","2a","0","0","0","0"
"183e93f8-2ef0-4250-be77-b2d8a02c1033","1","2a","1","0","0","0"
"183e93f8-2ef0-4250-be77-b2d8a02c1033","1","2a","2","0","0","0"
"183e93f8-2ef0-4250-be77-b2d8a02c1033","1","2a","3","0","0","0"
"183e93f8-2ef0-4250-be77-b2d8a02c1033","1","2a","4","0","0","0"
"183e93f8-2ef0-4250-be77-b2d8a02c1033","1","2a","5","0","0","0"
"183e93f8-2ef0-4250-be77-b2d8a02c1033","1","2a","6","0","0","0"
"183e93f8-2ef0-4250-be77-b2d8a02c1033","1","2a","7","0","0","0"
"183e93f8-2ef0-4250-be77-b2d8a02c1033","1","2a","8","0","0","0"
"183e93f8-2ef0-4250-be77-b2d8a02c1033","1","2a","9","0","0","0"
"183e93f8-2ef0-4250-be77-b2d8a02c1033","1","2a","10","0","0","0"
"183e93f8-2ef0-4250-be77-b2d8a02c1033","2","2a","0","0","0","0"
"183e93f8-2ef0-4250-be77-b2d8a02c1033","2","2a","1","0","0","0"
"183e93f8-2ef0-4250-be77-b2d8a02c1033","2","2a","2","0","0","0"
"183e93f8-2ef0-4250-be77-b2d8a02c1033","2","2a","3","0","0","0"
"183e93f8-2ef0-4250-be77-b2d8a02c1033","2","2a","4","0","0","0"
"183e93f8-2ef0-4250-be77-b2d8a02c1033","2","2a","5","0","0","0"
"183e93f8-2ef0-4250-be77-b2d8a02c1033","2","2a","6","0","0","0"
"183e93f8-2ef0-4250-be77-b2d8a02c1033","2","2a","7","0","0","0"
"183e93f8-2ef0-4250-be77-b2d8a02c1033","2","2a","8","0","0","0"
"183e93f8-2ef0-4250-be77-b2d8a02c1033","2","2a","9","0","0","0"
"183e93f8-2ef0-4250-be77-b2d8a02c1033","2","2a","10","0","0","0"
"24404d19-ec5c-4c88-a836-0dbbdd7fc2f6","0","2a","0","0","0","0"
"24404d19-ec5c-4c88-a836-0dbbdd7fc2f6","0","2a","1","0","0","0"
"24404d19-ec5c-4c88-a836-0dbbdd7fc2f6","0","2a","2","0","0","0"
"24404d19-ec5c-4c88-a836-0dbbdd7fc2f6","0","2a","3","0","0","0"
"24404d19-ec5c-4c88-a836-0dbbdd7fc2f6","0","2a","4","0","0","0"
"24404d19-ec5c-4c88-a836-0dbbdd7fc2f6","0","2a","5","0","0","0"
"24404d19-ec5c-4c88-a836-0dbbdd7fc2f6","0","2a","6","0","0","0"
"24404d19-ec5c-4c88-a836-0dbbdd7fc2f6","0","2a","7","0","0","0"
"24404d19-ec5c-4c88-a836-0dbbdd7fc2f6","0","2a","8","0","0","0"
"24404d19-ec5c-4c88-a836-0dbbdd7fc2f6","0","2a","9","0","0","0"
"24404d19-ec5c-4c88-a836-0dbbdd7fc2f6","0","2a","10","0","0","0"
"24404d19-ec5c-4c88-a836-0dbbdd7fc2f6","1","2a","0","0","0","0"
"24404d19-ec5c-4c88-a836-0dbbdd7fc2f6","1","2a","1","0","0","0"
"24404d19-ec5c-4c88-a836-0dbbdd7fc2f6","1","2a","2","0","0","0"
"24404d19-ec5c-4c88-a836-0dbbdd7fc2f6","1","2a","3","0","0","0"
"24404d19-ec5c-4c88-a836-0dbbdd7fc2f6","1","2a","4","0","0","0"
"24404d19-ec5c-4c88-a836-0dbbdd7fc2f6","1","2a","5","0","0","0"
"24404d19-ec5c-4c88-a836-0dbbdd7fc2f6","1","2a","6","0","0","0"
"24404d19-ec5c-4c88-a836-0dbbdd7fc2f6","1","2a","7","0","0","0"
"24404d19-ec5c-4c88-a836-0dbbdd7fc2f6","1","2a","8","0","0","0"
"24404d19-ec5c-4c88-a836-0dbbdd7fc2f6","1","2a","9","0","0","0"
"24404d19-ec5c-4c88-a836-0dbbdd7fc2f6","1","2a","10","0","0","0"
"24404d19-ec5c-4c88-a836-0dbbdd7fc2f6","2","2a","0","0","0","0"
"24404d19-ec5c-4c88-a836-0dbbdd7fc2f6","2","2a","1","0","0","0"
"24404d19-ec5c-4c88-a836-0dbbdd7fc2f6","2","2a","2","0","0","0"
"24404d19-ec5c-4c88-a836-0dbbdd7fc2f6","2","2a","3","0","0","0"
"24404d19-ec5c-4c88-a836-0dbbdd7fc2f6","2","2a","4","0","0","0"
"24404d19-ec5c-4c88-a836-0dbbdd7fc2f6","2","2a","5","0","0","0"
"24404d19-ec5c-4c88-a836-0dbbdd7fc2f6","2","2a","6","0","0","0"
"24404d19-ec5c-4c88-a836-0dbbdd7fc2f6","2","2a","7","0","0","0"
"24404d19-ec5c-4c88-a836-0dbbdd7fc2f6","2","2a","8","0","0","0"
"24404d19-ec5c-4c88-a836-0dbbdd7fc2f6","2","2a","9","0","0","0"
"24404d19-ec5c-4c88-a836-0dbbdd7fc2f6","2","2a","10","0","0","0"
"2e69a799-4e15-43aa-aadb-ef5c0013c6fe","0","2a","0","0","0","0"
"2e69a799-4e15-43aa-aadb-ef5c0013c6fe","0","2a","1","0","0","0"
"2e69a799-4e15-43aa-aadb-ef5c0013c6fe","0","2a","2","0","0","0"
"2e69a799-4e15-43aa-aadb-ef5c0013c6fe","0","2a","3","0","0","0"
"2e69a799-4e15-43aa-aadb-ef5c0013c6fe","0","2a","4","0","0","0"
"2e69a799-4e15-43aa-aadb-ef5c0013c6fe","0","2a","5","0","0","0"
"2e69a799-4e15-43aa-aadb-ef5c0013c6fe","0","2a","6","0","0","0"
"2e69a799-4e15-43aa-aadb-ef5c0013c6fe","0","2a","7","0","0","0"
"2e69a799-4e15-43aa-aadb-ef5c0013c6fe","0","2a","8","0","0","0"
"2e69a799-4e15-43aa-aadb-ef5c0013c6fe","0","2a","9","0","0","0"
"2e69a799-4e15-43aa-aadb-ef5c0013c6fe","0","2a","10","0","0","0"
"2e69a799-4e15-43aa-aadb-ef5c0013c6fe","1","2a","0","0","0","0"
"2e69a799-4e15-43aa-aadb-ef5c0013c6fe","1","2a","1","0","0","0"
"2e69a799-4e15-43aa-aadb-ef5c0013c6fe","1","2a","2","0","0","0"
"2e69a799-4e15-43aa-aadb-ef5c0013c6fe","1","2a","3","0","0","0"
"2e69a799-4e15-43aa-aadb-ef5c0013c6fe","1","2a","4","0","0","0"
"2e69a799-4e15-43aa-aadb-ef5c0013c6fe","1","2a","5","0","0","0"
"2e69a799-4e15-43aa-aadb-ef5c0013c6fe","1","2a","6","0","0","0"
"2e69a799-4e15-43aa-aadb-ef5c0013c6fe","1","2a","7","0","0","0"
"2e69a799-4e15-43aa-aadb-ef5c0013c6fe","1","2a","8","0","0","0"
"2e69a799-4e15-43aa-aadb-ef5c0013c6fe","1","2a","9","1","0","0"
"2e69a799-4e15-43aa-aadb-ef5c0013c6fe","1","2a","10","1","0","0"
"2e69a799-4e15-43aa-aadb-ef5c0013c6fe","2","2a","0","0","0","0"
"2e69a799-4e15-43aa-aadb-ef5c0013c6fe","2","2a","1","0","0","0"
"2e69a799-4e15-43aa-aadb-ef5c0013c6fe","2","2a","2","0","0","0"
"2e69a799-4e15-43aa-aadb-ef5c0013c6fe","2","2a","3","0","0","0"
"2e69a799-4e15-43aa-aadb-ef5c0013c6fe","2","2a","4","0","0","0"
"2e69a799-4e15-43aa-aadb-ef5c0013c6fe","2","2a","5","0","0","0"
"2e69a799-4e15-43aa-aadb-ef5c0013c6fe","2","2a","6","0","0","0"
"2e69a799-4e15-43aa-aadb-ef5c0013c6fe","2","2a","7","0","0","0"
"2e69a799-4e15-43aa-aadb-ef5c0013c6fe","2","2a","8","0","0","0"
"2e69a799-4e15-43aa-aadb-ef5c0013c6fe","2","2a","9","0","0","0"
"2e69a799-4e15-43aa-aadb-ef5c0013c6fe","2","2a","10","0","0","0"
"43a2b7d3-9d57-4a08-a564-db94470b0320","0","2a","0","0","0","0"
"43a2b7d3-9d57-4a08-a564-db94470b0320","0","2a","1","0","0","0"
"43a2b7d3-9d57-4a08-a564-db94470b0320","0","2a","2","0","0","0"
"43a2b7d3-9d57-4a08-a564-db94470b0320","0","2a","3","0","0","0"
"43a2b7d3-9d57-4a08-a564-db94470b0320","0","2a","4","0","0","0"
"43a2b7d3-9d57-4a08-a564-db94470b0320","0","2a","5","0","0","0"
"43a2b7d3-9d57-4a08-a564-db94470b0320","0","2a","6","0","0","0"
"43a2b7d3-9d57-4a08-a564-db94470b0320","0","2a","7","0","0","0"
"43a2b7d3-9d57-4a08-a564-db94470b0320","0","2a","8","0","0","0"
"43a2b7d3-9d57-4a08-a564-db94470b0320","0","2a","9","0","0","0"
"43a2b7d3-9d57-4a08-a564-db94470b0320","0","2a","10","0","0","0"
"43a2b7d3-9d57-4a08-a564-db94470b0320","1","2a","0","0","0","0"
"43a2b7d3-9d57-4a08-a564-db94470b0320","1","2a","1","0","0","0"
"43a2b7d3-9d57-4a08-a564-db94470b0320","1","2a","2","0","0","0"
"43a2b7d3-9d57-4a08-a564-db94470b0320","1","2a","3","0","0","0"
"43a2b7d3-9d57-4a08-a564-db94470b0320","1","2a","4","0","0","0"
"43a2b7d3-9d57-4a08-a564-db94470b0320","1","2a","5","0","0","0"
"43a2b7d3-9d57-4a08-a564-db94470b0320","1","2a","6","0","0","0"
"43a2b7d3-9d57-4a08-a564-db94470b0320","1","2a","7","0","0","0"
"43a2b7d3-9d57-4a08-a564-db94470b0320","1","2a","8","0","0","0"
"43a2b7d3-9d57-4a08-a564-db94470b0320","1","2a","9","0","0","0"
"43a2b7d3-9d57-4a08-a564-db94470b0320","1","2a","10","0","0","0"
"43a2b7d3-9d57-4a08-a564-db94470b0320","2","2a","0","0","0","0"
"43a2b7d3-9d57-4a08-a564-db94470b0320","2","2a","1","0","0","0"
"43a2b7d3-9d57-4a08-a564-db94470b0320","2","2a","2","0","0","0"
"43a2b7d3-9d57-4a08-a564-db94470b0320","2","2a","3","0","0","0"
"43a2b7d3-9d57-4a08-a564-db94470b0320","2","2a","4","0","0","0"
"43a2b7d3-9d57-4a08-a564-db94470b0320","2","2a","5","0","0","0"
"43a2b7d3-9d57-4a08-a564-db94470b0320","2","2a","6","0","0","0"
"43a2b7d3-9d57-4a08-a564-db94470b0320","2","2a","7","0","0","0"
"43a2b7d3-9d57-4a08-a564-db94470b0320","2","2a","8","0","0","0"
"43a2b7d3-9d57-4a08-a564-db94470b0320","2","2a","9","0","0","0"
"43a2b7d3-9d57-4a08-a564-db94470b0320","2","2a","10","0","0","0"
"4dfc506d-5928-4039-b257-1767b88d3276","0","2a","0","0","1","0"
"4dfc506d-5928-4039-b257-1767b88d3276","0","2a","1","0","0","0"
"4dfc506d-5928-4039-b257-1767b88d3276","0","2a","2","0","0","0"
"4dfc506d-5928-4039-b257-1767b88d3276","0","2a","3","0","0","0"
"4dfc506d-5928-4039-b257-1767b88d3276","0","2a","4","0","0","0"
"4dfc506d-5928-4039-b257-1767b88d3276","0","2a","5","0","0","0"
"4dfc506d-5928-4039-b257-1767b88d3276","0","2a","6","0","0","0"
"4dfc506d-5928-4039-b257-1767b88d3276","0","2a","7","0","0","0"
"4dfc506d-5928-4039-b257-1767b88d3276","0","2a","8","0","0","0"
"4dfc506d-5928-4039-b257-1767b88d3276","0","2a","9","0","0","0"
"4dfc506d-5928-4039-b257-1767b88d3276","0","2a","10","0","0","0"
"4dfc506d-5928-4039-b257-1767b88d3276","1","2a","0","0","0","0"
"4dfc506d-5928-4039-b257-1767b88d3276","1","2a","1","0","0","0"
"4dfc506d-5928-4039-b257-1767b88d3276","1","2a","2","0","0","0"
"4dfc506d-5928-4039-b257-1767b88d3276","1","2a","3","0","0","0"
"4dfc506d-5928-4039-b257-1767b88d3276","1","2a","4","0","0","0"
"4dfc506d-5928-4039-b257-1767b88d3276","1","2a","5","0","0","0"
"4dfc506d-5928-4039-b257-1767b88d3276","1","2a","6","0","0","0"
"4dfc506d-5928-4039-b257-1767b88d3276","1","2a","7","0","0","0"
"4dfc506d-5928-4039-b257-1767b88d3276","1","2a","8","0","0","0"
"4dfc506d-5928-4039-b257-1767b88d3276","1","2a","9","0","0","0"
"4dfc506d-5928-4039-b257-1767b88d3276","1","2a","10","0","0","0"
"4dfc506d-5928-4039-b257-1767b88d3276","2","2a","0","0","0","0"
"4dfc506d-5928-4039-b257-1767b88d3276","2","2a","1","0","0","0"
"4dfc506d-5928-4039-b257-1767b88d3276","2","2a","2","0","0","0"
"4dfc506d-5928-4039-b257-1767b88d3276","2","2a","3","0","0","0"
"4dfc506d-5928-4039-b257-1767b88d3276","2","2a","4","0","0","0"
"4dfc506d-5928-4039-b257-1767b88d3276","2","2a","5","0","0","0"
"4dfc506d-5928-4039-b257-1767b88d3276","2","2a","6","0","0","0"
"4dfc506d-5928-4039-b257-1767b88d3276","2","2a","7","0","0","0"
"4dfc506d-5928-4039-b257-1767b88d3276","2","2a","8","0","0","0"
"4dfc506d-5928-4039-b257-1767b88d3276","2","2a","9","0","0","0"
"4dfc506d-5928-4039-b257-1767b88d3276","2","2a","10","0","0","0"
"5b834c47-8cef-4bdb-af3a-0fb64c36ff07","0","2a","0","0","0","0"
"5b834c47-8cef-4bdb-af3a-0fb64c36ff07","0","2a","1","0","0","0"
"5b834c47-8cef-4bdb-af3a-0fb64c36ff07","0","2a","2","0","0","0"
"5b834c47-8cef-4bdb-af3a-0fb64c36ff07","0","2a","3","0","0","0"
"5b834c47-8cef-4bdb-af3a-0fb64c36ff07","0","2a","4","0","0","0"
"5b834c47-8cef-4bdb-af3a-0fb64c36ff07","0","2a","5","0","0","0"
"5b834c47-8cef-4bdb-af3a-0fb64c36ff07","0","2a","6","0","0","0"
"5b834c47-8cef-4bdb-af3a-0fb64c36ff07","0","2a","7","0","0","0"
"5b834c47-8cef-4bdb-af3a-0fb64c36ff07","0","2a","8","0","0","0"
"5b834c47-8cef-4bdb-af3a-0fb64c36ff07","0","2a","9","0","0","0"
"5b834c47-8cef-4bdb-af3a-0fb64c36ff07","0","2a","10","0","0","0"
"5b834c47-8cef-4bdb-af3a-0fb64c36ff07","1","2a","0","0","0","0"
"5b834c47-8cef-4bdb-af3a-0fb64c36ff07","1","2a","1","0","0","0"
"5b834c47-8cef-4bdb-af3a-0fb64c36ff07","1","2a","2","0","0","0"
"5b834c47-8cef-4bdb-af3a-0fb64c36ff07","1","2a","3","0","0","0"
"5b834c47-8cef-4bdb-af3a-0fb64c36ff07","1","2a","4","0","0","0"
"5b834c47-8cef-4bdb-af3a-0fb64c36ff07","1","2a","5","0","0","0"
"5b834c47-8cef-4bdb-af3a-0fb64c36ff07","1","2a","6","0","0","0"
"5b834c47-8cef-4bdb-af3a-0fb64c36ff07","1","2a","7","0","0","0"
"5b834c47-8cef-4bdb-af3a-0fb64c36ff07","1","2a","8","0","0","0"
"5b834c47-8cef-4bdb-af3a-0fb64c36ff07","1","2a","9","0","0","0"
"5b834c47-8cef-4bdb-af3a-0fb64c36ff07","1","2a","10","0","0","0"
"5b834c47-8cef-4bdb-af3a-0fb64c36ff07","2","2a","0","0","0","0"
"5b834c47-8cef-4bdb-af3a-0fb64c36ff07","2","2a","1","0","0","0"
"5b834c47-8cef-4bdb-af3a-0fb64c36ff07","2","2a","2","0","0","0"
"5b834c47-8cef-4bdb-af3a-0fb64c36ff07","2","2a","3","0","0","0"
"5b834c47-8cef-4bdb-af3a-0fb64c36ff07","2","2a","4","0","0","0"
"5b834c47-8cef-4bdb-af3a-0fb64c36ff07","2","2a","5","0","0","0"
"5b834c47-8cef-4bdb-af3a-0fb64c36ff07","2","2a","6","0","0","0"
"5b834c47-8cef-4bdb-af3a-0fb64c36ff07","2","2a","7","0","0","0"
"5b834c47-8cef-4bdb-af3a-0fb64c36ff07","2","2a","8","0","0","0"
"5b834c47-8cef-4bdb-af3a-0fb64c36ff07","2","2a","9","0","0","0"
"5b834c47-8cef-4bdb-af3a-0fb64c36ff07","2","2a","10","0","0","0"
"5bb2e225-97b1-4e34-ad76-4fe1249d664c","0","2a","0","0","0","0"
"5bb2e225-97b1-4e34-ad76-4fe1249d664c","0","2a","1","0","0","0"
"5bb2e225-97b1-4e34-ad76-4fe1249d664c","0","2a","2","0","0","0"
"5bb2e225-97b1-4e34-ad76-4fe1249d664c","0","2a","3","0","0","0"
"5bb2e225-97b1-4e34-ad76-4fe1249d664c","0","2a","4","0","0","0"
"5bb2e225-97b1-4e34-ad76-4fe1249d664c","0","2a","5","0","0","0"
"5bb2e225-97b1-4e34-ad76-4fe1249d664c","0","2a","6","0","0","0"
"5bb2e225-97b1-4e34-ad76-4fe1249d664c","0","2a","7","0","0","0"
"5bb2e225-97b1-4e34-ad76-4fe1249d664c","0","2a","8","0","0","0"
"5bb2e225-97b1-4e34-ad76-4fe1249d664c","0","2a","9","0","0","0"
"5bb2e225-97b1-4e34-ad76-4fe1249d664c","0","2a","10","0","0","0"
"5bb2e225-97b1-4e34-ad76-4fe1249d664c","1","2a","0","0","0","0"
"5bb2e225-97b1-4e34-ad76-4fe1249d664c","1","2a","1","0","0","0"
"5bb2e225-97b1-4e34-ad76-4fe1249d664c","1","2a","2","0","0","0"
"5bb2e225-97b1-4e34-ad76-4fe1249d664c","1","2a","3","0","0","0"
"5bb2e225-97b1-4e34-ad76-4fe1249d664c","1","2a","4","0","0","0"
"5bb2e225-97b1-4e34-ad76-4fe1249d664c","1","2a","5","0","0","0"
"5bb2e225-97b1-4e34-ad76-4fe1249d664c","1","2a","6","0","0","0"
"5bb2e225-97b1-4e34-ad76-4fe1249d664c","1","2a","7","0","0","0"
"5bb2e225-97b1-4e34-ad76-4fe1249d664c","1","2a","8","0","0","0"
"5bb2e225-97b1-4e34-ad76-4fe1249d664c","1","2a","9","0","0","0"
"5bb2e225-97b1-4e34-ad76-4fe1249d664c","1","2a","10","0","0","0"
"5bb2e225-97b1-4e34-ad76-4fe1249d664c","1","2a","11","0","0","0"
"5bb2e225-97b1-4e34-ad76-4fe1249d664c","2","2a","0","0","0","0"
"5bb2e225-97b1-4e34-ad76-4fe1249d664c","2","2a","1","0","0","0"
"5bb2e225-97b1-4e34-ad76-4fe1249d664c","2","2a","2","0","0","0"
"5bb2e225-97b1-4e34-ad76-4fe1249d664c","2","2a","3","0","0","0"
"5bb2e225-97b1-4e34-ad76-4fe1249d664c","2","2a","4","0","0","0"
"5bb2e225-97b1-4e34-ad76-4fe1249d664c","2","2a","5","0","0","0"
"5bb2e225-97b1-4e34-ad76-4fe1249d664c","2","2a","6","0","0","0"
"5bb2e225-97b1-4e34-ad76-4fe1249d664c","2","2a","7","0","0","0"
"5bb2e225-97b1-4e34-ad76-4fe1249d664c","2","2a","8","0","0","0"
"5bb2e225-97b1-4e34-ad76-4fe1249d664c","2","2a","9","0","0","0"
"5bb2e225-97b1-4e34-ad76-4fe1249d664c","2","2a","10","0","0","0"
"64d50c85-15cf-4c7f-a23e-29347123ef5f","0","2a","0","0","0","0"
"64d50c85-15cf-4c7f-a23e-29347123ef5f","0","2a","1","0","0","0"
"64d50c85-15cf-4c7f-a23e-29347123ef5f","0","2a","2","0","0","0"
"64d50c85-15cf-4c7f-a23e-29347123ef5f","0","2a","3","0","0","0"
"64d50c85-15cf-4c7f-a23e-29347123ef5f","0","2a","4","0","0","0"
"64d50c85-15cf-4c7f-a23e-29347123ef5f","0","2a","5","0","0","0"
"64d50c85-15cf-4c7f-a23e-29347123ef5f","0","2a","6","0","0","0"
"64d50c85-15cf-4c7f-a23e-29347123ef5f","0","2a","7","0","0","0"
"64d50c85-15cf-4c7f-a23e-29347123ef5f","0","2a","8","0","0","0"
"64d50c85-15cf-4c7f-a23e-29347123ef5f","0","2a","9","0","0","0"
"64d50c85-15cf-4c7f-a23e-29347123ef5f","0","2a","10","0","0","0"
"64d50c85-15cf-4c7f-a23e-29347123ef5f","0","2a","11","0","0","0"
"64d50c85-15cf-4c7f-a23e-29347123ef5f","0","2a","12","0","0","0"
"64d50c85-15cf-4c7f-a23e-29347123ef5f","0","2a","13","0","0","0"
"64d50c85-15cf-4c7f-a23e-29347123ef5f","0","2a","14","0","0","0"
"64d50c85-15cf-4c7f-a23e-29347123ef5f","0","2a","15","0","0","0"
"64d50c85-15cf-4c7f-a23e-29347123ef5f","0","2a","16","0","0","0"
"64d50c85-15cf-4c7f-a23e-29347123ef5f","0","2a","17","0","0","0"
"64d50c85-15cf-4c7f-a23e-29347123ef5f","0","2a","18","0","0","0"
"64d50c85-15cf-4c7f-a23e-29347123ef5f","0","2a","19","0","0","0"
"64d50c85-15cf-4c7f-a23e-29347123ef5f","0","2a","20","0","0","0"
"64d50c85-15cf-4c7f-a23e-29347123ef5f","0","2a","21","0","0","0"
"64d50c85-15cf-4c7f-a23e-29347123ef5f","1","2a","0","0","0","0"
"64d50c85-15cf-4c7f-a23e-29347123ef5f","1","2a","1","0","0","0"
"64d50c85-15cf-4c7f-a23e-29347123ef5f","1","2a","2","0","0","0"
"64d50c85-15cf-4c7f-a23e-29347123ef5f","1","2a","3","0","0","0"
"64d50c85-15cf-4c7f-a23e-29347123ef5f","1","2a","4","0","0","0"
"64d50c85-15cf-4c7f-a23e-29347123ef5f","1","2a","5","0","0","0"
"64d50c85-15cf-4c7f-a23e-29347123ef5f","1","2a","6","0","0","0"
"64d50c85-15cf-4c7f-a23e-29347123ef5f","1","2a","7","0","0","0"
"64d50c85-15cf-4c7f-a23e-29347123ef5f","1","2a","8","0","0","0"
"64d50c85-15cf-4c7f-a23e-29347123ef5f","1","2a","9","0","0","0"
"64d50c85-15cf-4c7f-a23e-29347123ef5f","1","2a","10","0","0","0"
"6f2e2139-b4e8-4092-8b40-a79c691b9e4d","0","2a","0","0","0","0"
"6f2e2139-b4e8-4092-8b40-a79c691b9e4d","0","2a","1","0","0","0"
"6f2e2139-b4e8-4092-8b40-a79c691b9e4d","0","2a","2","0","0","0"
"6f2e2139-b4e8-4092-8b40-a79c691b9e4d","0","2a","3","0","0","0"
"6f2e2139-b4e8-4092-8b40-a79c691b9e4d","0","2a","4","0","0","0"
"6f2e2139-b4e8-4092-8b40-a79c691b9e4d","0","2a","5","0","0","0"
"6f2e2139-b4e8-4092-8b40-a79c691b9e4d","0","2a","6","0","0","0"
"6f2e2139-b4e8-4092-8b40-a79c691b9e4d","0","2a","7","0","0","0"
"6f2e2139-b4e8-4092-8b40-a79c691b9e4d","0","2a","8","0","0","0"
"6f2e2139-b4e8-4092-8b40-a79c691b9e4d","0","2a","9","0","0","0"
"6f2e2139-b4e8-4092-8b40-a79c691b9e4d","0","2a","10","0","0","0"
"6f2e2139-b4e8-4092-8b40-a79c691b9e4d","0","2a","11","0","0","0"
"6f2e2139-b4e8-4092-8b40-a79c691b9e4d","1","2a","0","0","0","0"
"6f2e2139-b4e8-4092-8b40-a79c691b9e4d","1","2a","1","0","0","0"
"6f2e2139-b4e8-4092-8b40-a79c691b9e4d","1","2a","2","0","0","0"
"6f2e2139-b4e8-4092-8b40-a79c691b9e4d","1","2a","3","0","0","0"
"6f2e2139-b4e8-4092-8b40-a79c691b9e4d","1","2a","4","0","0","0"
"6f2e2139-b4e8-4092-8b40-a79c691b9e4d","1","2a","5","0","0","0"
"6f2e2139-b4e8-4092-8b40-a79c691b9e4d","1","2a","6","0","0","0"
"6f2e2139-b4e8-4092-8b40-a79c691b9e4d","1","2a","7","0","0","0"
"6f2e2139-b4e8-4092-8b40-a79c691b9e4d","1","2a","8","0","0","0"
"6f2e2139-b4e8-4092-8b40-a79c691b9e4d","1","2a","9","0","0","0"
"6f2e2139-b4e8-4092-8b40-a79c691b9e4d","1","2a","10","0","0","0"
"6f2e2139-b4e8-4092-8b40-a79c691b9e4d","2","2a","0","0","0","0"
"6f2e2139-b4e8-4092-8b40-a79c691b9e4d","2","2a","1","0","0","0"
"6f2e2139-b4e8-4092-8b40-a79c691b9e4d","2","2a","2","0","0","0"
"6f2e2139-b4e8-4092-8b40-a79c691b9e4d","2","2a","3","0","0","0"
"6f2e2139-b4e8-4092-8b40-a79c691b9e4d","2","2a","4","0","0","0"
"6f2e2139-b4e8-4092-8b40-a79c691b9e4d","2","2a","5","0","0","0"
"6f2e2139-b4e8-4092-8b40-a79c691b9e4d","2","2a","6","0","0","0"
"6f2e2139-b4e8-4092-8b40-a79c691b9e4d","2","2a","7","0","0","0"
"6f2e2139-b4e8-4092-8b40-a79c691b9e4d","2","2a","8","0","0","0"
"6f2e2139-b4e8-4092-8b40-a79c691b9e4d","2","2a","9","0","0","0"
"6f2e2139-b4e8-4092-8b40-a79c691b9e4d","2","2a","10","0","0","0"
"74b61803-d2f8-4edc-8f94-6699f321d3a8","0","2a","0","0","0","0"
"74b61803-d2f8-4edc-8f94-6699f321d3a8","0","2a","1","0","0","0"
"74b61803-d2f8-4edc-8f94-6699f321d3a8","0","2a","2","0","0","0"
"74b61803-d2f8-4edc-8f94-6699f321d3a8","0","2a","3","0","0","0"
"74b61803-d2f8-4edc-8f94-6699f321d3a8","0","2a","4","0","0","0"
"74b61803-d2f8-4edc-8f94-6699f321d3a8","0","2a","5","0","0","0"
"74b61803-d2f8-4edc-8f94-6699f321d3a8","0","2a","6","0","0","0"
"74b61803-d2f8-4edc-8f94-6699f321d3a8","0","2a","7","0","0","0"
"74b61803-d2f8-4edc-8f94-6699f321d3a8","0","2a","8","0","0","0"
"74b61803-d2f8-4edc-8f94-6699f321d3a8","0","2a","9","0","0","0"
"74b61803-d2f8-4edc-8f94-6699f321d3a8","0","2a","10","0","0","0"
"74b61803-d2f8-4edc-8f94-6699f321d3a8","1","2a","0","0","0","0"
"74b61803-d2f8-4edc-8f94-6699f321d3a8","1","2a","1","0","0","0"
"74b61803-d2f8-4edc-8f94-6699f321d3a8","1","2a","2","0","0","0"
"74b61803-d2f8-4edc-8f94-6699f321d3a8","1","2a","3","0","0","0"
"74b61803-d2f8-4edc-8f94-6699f321d3a8","1","2a","4","0","0","0"
"74b61803-d2f8-4edc-8f94-6699f321d3a8","1","2a","5","0","0","0"
"74b61803-d2f8-4edc-8f94-6699f321d3a8","1","2a","6","0","0","0"
"74b61803-d2f8-4edc-8f94-6699f321d3a8","1","2a","7","0","0","0"
"74b61803-d2f8-4edc-8f94-6699f321d3a8","1","2a","8","0","0","0"
"74b61803-d2f8-4edc-8f94-6699f321d3a8","1","2a","9","0","0","0"
"74b61803-d2f8-4edc-8f94-6699f321d3a8","1","2a","10","0","0","0"
"74b61803-d2f8-4edc-8f94-6699f321d3a8","1","2a","11","0","0","0"
"74b61803-d2f8-4edc-8f94-6699f321d3a8","1","2a","12","0","0","0"
"74b61803-d2f8-4edc-8f94-6699f321d3a8","1","2a","13","0","0","0"
"74b61803-d2f8-4edc-8f94-6699f321d3a8","1","2a","14","0","0","0"
"74b61803-d2f8-4edc-8f94-6699f321d3a8","1","2a","15","0","0","0"
"74b61803-d2f8-4edc-8f94-6699f321d3a8","1","2a","16","0","0","0"
"74b61803-d2f8-4edc-8f94-6699f321d3a8","1","2a","17","0","0","0"
"74b61803-d2f8-4edc-8f94-6699f321d3a8","1","2a","18","0","0","0"
"74b61803-d2f8-4edc-8f94-6699f321d3a8","1","2a","19","0","0","0"
"74b61803-d2f8-4edc-8f94-6699f321d3a8","1","2a","20","0","0","0"
"74b61803-d2f8-4edc-8f94-6699f321d3a8","1","2a","21","0","0","0"
"76ceee13-0c73-46a3-9d3c-936d65b65283","0","2a","0","0","0","0"
"76ceee13-0c73-46a3-9d3c-936d65b65283","0","2a","1","0","0","0"
"76ceee13-0c73-46a3-9d3c-936d65b65283","0","2a","2","0","0","0"
"76ceee13-0c73-46a3-9d3c-936d65b65283","0","2a","3","0","0","0"
"76ceee13-0c73-46a3-9d3c-936d65b65283","0","2a","4","0","0","0"
"76ceee13-0c73-46a3-9d3c-936d65b65283","0","2a","5","0","0","0"
"76ceee13-0c73-46a3-9d3c-936d65b65283","0","2a","6","0","0","0"
"76ceee13-0c73-46a3-9d3c-936d65b65283","0","2a","7","0","0","0"
"76ceee13-0c73-46a3-9d3c-936d65b65283","0","2a","8","0","0","0"
"76ceee13-0c73-46a3-9d3c-936d65b65283","0","2a","9","0","0","0"
"76ceee13-0c73-46a3-9d3c-936d65b65283","0","2a","10","0","0","0"
"76ceee13-0c73-46a3-9d3c-936d65b65283","1","2a","0","0","0","0"
"76ceee13-0c73-46a3-9d3c-936d65b65283","1","2a","1","0","0","0"
"76ceee13-0c73-46a3-9d3c-936d65b65283","1","2a","2","0","0","0"
"76ceee13-0c73-46a3-9d3c-936d65b65283","1","2a","3","0","0","0"
"76ceee13-0c73-46a3-9d3c-936d65b65283","1","2a","4","0","0","0"
"76ceee13-0c73-46a3-9d3c-936d65b65283","1","2a","5","0","0","0"
"76ceee13-0c73-46a3-9d3c-936d65b65283","1","2a","6","0","0","0"
"76ceee13-0c73-46a3-9d3c-936d65b65283","1","2a","7","0","0","0"
"76ceee13-0c73-46a3-9d3c-936d65b65283","1","2a","8","0","0","0"
"76ceee13-0c73-46a3-9d3c-936d65b65283","1","2a","9","0","0","0"
"76ceee13-0c73-46a3-9d3c-936d65b65283","1","2a","10","0","0","0"
"76ceee13-0c73-46a3-9d3c-936d65b65283","2","2a","0","0","0","0"
"76ceee13-0c73-46a3-9d3c-936d65b65283","2","2a","1","0","0","0"
"76ceee13-0c73-46a3-9d3c-936d65b65283","2","2a","2","0","0","0"
"76ceee13-0c73-46a3-9d3c-936d65b65283","2","2a","3","0","0","0"
"76ceee13-0c73-46a3-9d3c-936d65b65283","2","2a","4","0","0","0"
"76ceee13-0c73-46a3-9d3c-936d65b65283","2","2a","5","0","0","0"
"76ceee13-0c73-46a3-9d3c-936d65b65283","2","2a","6","0","0","0"
"76ceee13-0c73-46a3-9d3c-936d65b65283","2","2a","7","0","0","0"
"76ceee13-0c73-46a3-9d3c-936d65b65283","2","2a","8","0","0","0"
"76ceee13-0c73-46a3-9d3c-936d65b65283","2","2a","9","0","0","0"
"76ceee13-0c73-46a3-9d3c-936d65b65283","2","2a","10","0","0","0"
"78274e72-031c-4168-bb19-ef98352003a6","0","2a","0","0","0","0"
"78274e72-031c-4168-bb19-ef98352003a6","0","2a","1","0","0","0"
"78274e72-031c-4168-bb19-ef98352003a6","0","2a","2","0","0","0"
"78274e72-031c-4168-bb19-ef98352003a6","0","2a","3","0","0","0"
"78274e72-031c-4168-bb19-ef98352003a6","0","2a","4","0","0","0"
"78274e72-031c-4168-bb19-ef98352003a6","0","2a","5","0","0","0"
"78274e72-031c-4168-bb19-ef98352003a6","0","2a","6","0","0","0"
"78274e72-031c-4168-bb19-ef98352003a6","0","2a","7","0","0","0"
"78274e72-031c-4168-bb19-ef98352003a6","0","2a","8","0","0","0"
"78274e72-031c-4168-bb19-ef98352003a6","0","2a","9","0","0","0"
"78274e72-031c-4168-bb19-ef98352003a6","0","2a","10","0","0","0"
"78274e72-031c-4168-bb19-ef98352003a6","1","2a","0","0","0","0"
"78274e72-031c-4168-bb19-ef98352003a6","1","2a","1","0","0","0"
"78274e72-031c-4168-bb19-ef98352003a6","1","2a","2","0","0","0"
"78274e72-031c-4168-bb19-ef98352003a6","1","2a","3","0","0","0"
"78274e72-031c-4168-bb19-ef98352003a6","1","2a","4","0","0","0"
"78274e72-031c-4168-bb19-ef98352003a6","1","2a","5","0","0","0"
"78274e72-031c-4168-bb19-ef98352003a6","1","2a","6","0","0","0"
"78274e72-031c-4168-bb19-ef98352003a6","1","2a","7","0","0","0"
"78274e72-031c-4168-bb19-ef98352003a6","1","2a","8","0","0","0"
"78274e72-031c-4168-bb19-ef98352003a6","1","2a","9","0","0","0"
"78274e72-031c-4168-bb19-ef98352003a6","1","2a","10","0","0","0"
"78274e72-031c-4168-bb19-ef98352003a6","2","2a","0","0","0","0"
"78274e72-031c-4168-bb19-ef98352003a6","2","2a","1","0","0","0"
"78274e72-031c-4168-bb19-ef98352003a6","2","2a","2","0","0","0"
"78274e72-031c-4168-bb19-ef98352003a6","2","2a","3","0","0","0"
"78274e72-031c-4168-bb19-ef98352003a6","2","2a","4","0","0","0"
"78274e72-031c-4168-bb19-ef98352003a6","2","2a","5","0","0","0"
"78274e72-031c-4168-bb19-ef98352003a6","2","2a","6","0","0","0"
"78274e72-031c-4168-bb19-ef98352003a6","2","2a","7","0","0","0"
"78274e72-031c-4168-bb19-ef98352003a6","2","2a","8","0","0","0"
"78274e72-031c-4168-bb19-ef98352003a6","2","2a","9","0","0","0"
"78274e72-031c-4168-bb19-ef98352003a6","2","2a","10","0","0","0"
"7f51dfb9-2994-446b-b18f-be0095e0e0a8","0","2a","0","0","0","0"
"7f51dfb9-2994-446b-b18f-be0095e0e0a8","0","2a","1","0","0","0"
"7f51dfb9-2994-446b-b18f-be0095e0e0a8","0","2a","2","0","0","0"
"7f51dfb9-2994-446b-b18f-be0095e0e0a8","0","2a","3","0","0","0"
"7f51dfb9-2994-446b-b18f-be0095e0e0a8","0","2a","4","0","0","0"
"7f51dfb9-2994-446b-b18f-be0095e0e0a8","0","2a","5","0","0","0"
"7f51dfb9-2994-446b-b18f-be0095e0e0a8","0","2a","6","0","0","0"
"7f51dfb9-2994-446b-b18f-be0095e0e0a8","0","2a","7","0","0","0"
"7f51dfb9-2994-446b-b18f-be0095e0e0a8","0","2a","8","0","0","0"
"7f51dfb9-2994-446b-b18f-be0095e0e0a8","0","2a","9","0","0","0"
"7f51dfb9-2994-446b-b18f-be0095e0e0a8","0","2a","10","0","0","0"
"7f51dfb9-2994-446b-b18f-be0095e0e0a8","1","2a","0","0","0","0"
"7f51dfb9-2994-446b-b18f-be0095e0e0a8","1","2a","1","0","0","0"
"7f51dfb9-2994-446b-b18f-be0095e0e0a8","1","2a","2","0","0","0"
"7f51dfb9-2994-446b-b18f-be0095e0e0a8","1","2a","3","0","0","0"
"7f51dfb9-2994-446b-b18f-be0095e0e0a8","1","2a","4","0","0","0"
"7f51dfb9-2994-446b-b18f-be0095e0e0a8","1","2a","5","0","0","0"
"7f51dfb9-2994-446b-b18f-be0095e0e0a8","1","2a","6","0","0","0"
"7f51dfb9-2994-446b-b18f-be0095e0e0a8","1","2a","7","0","0","0"
"7f51dfb9-2994-446b-b18f-be0095e0e0a8","1","2a","8","0","0","0"
"7f51dfb9-2994-446b-b18f-be0095e0e0a8","1","2a","9","0","0","0"
"7f51dfb9-2994-446b-b18f-be0095e0e0a8","1","2a","10","0","0","0"
"9a28ea73-1f26-4647-a236-ccf56a82f33b","0","2a","0","0","0","0"
"9a28ea73-1f26-4647-a236-ccf56a82f33b","0","2a","1","0","0","0"
"9a28ea73-1f26-4647-a236-ccf56a82f33b","0","2a","2","0","0","0"
"9a28ea73-1f26-4647-a236-ccf56a82f33b","0","2a","3","0","0","0"
"9a28ea73-1f26-4647-a236-ccf56a82f33b","0","2a","4","0","0","0"
"9a28ea73-1f26-4647-a236-ccf56a82f33b","0","2a","5","0","0","0"
"9a28ea73-1f26-4647-a236-ccf56a82f33b","0","2a","6","0","0","0"
"9a28ea73-1f26-4647-a236-ccf56a82f33b","0","2a","7","0","0","0"
"9a28ea73-1f26-4647-a236-ccf56a82f33b","0","2a","8","0","0","0"
"9a28ea73-1f26-4647-a236-ccf56a82f33b","0","2a","9","0","0","0"
"9a28ea73-1f26-4647-a236-ccf56a82f33b","0","2a","10","0","0","0"
"9a28ea73-1f26-4647-a236-ccf56a82f33b","0","2a","11","0","0","0"
"9a28ea73-1f26-4647-a236-ccf56a82f33b","0","2a","12","0","0","0"
"9a28ea73-1f26-4647-a236-ccf56a82f33b","1","2a","0","0","0","0"
"9a28ea73-1f26-4647-a236-ccf56a82f33b","1","2a","1","0","0","0"
"9a28ea73-1f26-4647-a236-ccf56a82f33b","1","2a","2","0","0","0"
"9a28ea73-1f26-4647-a236-ccf56a82f33b","1","2a","3","0","0","0"
"9a28ea73-1f26-4647-a236-ccf56a82f33b","1","2a","4","0","0","0"
"9a28ea73-1f26-4647-a236-ccf56a82f33b","1","2a","5","0","0","0"
"9a28ea73-1f26-4647-a236-ccf56a82f33b","1","2a","6","0","0","0"
"9a28ea73-1f26-4647-a236-ccf56a82f33b","1","2a","7","0","0","0"
"9a28ea73-1f26-4647-a236-ccf56a82f33b","1","2a","8","0","0","0"
"9a28ea73-1f26-4647-a236-ccf56a82f33b","1","2a","9","0","0","0"
"9a28ea73-1f26-4647-a236-ccf56a82f33b","1","2a","10","0","0","0"
"9a28ea73-1f26-4647-a236-ccf56a82f33b","2","2a","0","0","0","0"
"9a28ea73-1f26-4647-a236-ccf56a82f33b","2","2a","1","0","0","0"
"9a28ea73-1f26-4647-a236-ccf56a82f33b","2","2a","2","0","0","0"
"9a28ea73-1f26-4647-a236-ccf56a82f33b","2","2a","3","0","0","0"
"9a28ea73-1f26-4647-a236-ccf56a82f33b","2","2a","4","0","0","0"
"9a28ea73-1f26-4647-a236-ccf56a82f33b","2","2a","5","0","0","0"
"9a28ea73-1f26-4647-a236-ccf56a82f33b","2","2a","6","0","0","0"
"9a28ea73-1f26-4647-a236-ccf56a82f33b","2","2a","7","0","0","0"
"9a28ea73-1f26-4647-a236-ccf56a82f33b","2","2a","8","0","0","0"
"9a28ea73-1f26-4647-a236-ccf56a82f33b","2","2a","9","0","0","0"
"9a28ea73-1f26-4647-a236-ccf56a82f33b","2","2a","10","0","0","0"
"a11b642e-75bc-4ae8-bb00-cbff9c3b2e88","0","2a","0","0","0","0"
"a11b642e-75bc-4ae8-bb00-cbff9c3b2e88","0","2a","1","0","0","0"
"a11b642e-75bc-4ae8-bb00-cbff9c3b2e88","0","2a","2","0","0","0"
"a11b642e-75bc-4ae8-bb00-cbff9c3b2e88","0","2a","3","0","0","0"
"a11b642e-75bc-4ae8-bb00-cbff9c3b2e88","0","2a","4","0","0","0"
"a11b642e-75bc-4ae8-bb00-cbff9c3b2e88","0","2a","5","0","0","0"
"a11b642e-75bc-4ae8-bb00-cbff9c3b2e88","0","2a","6","0","0","0"
"a11b642e-75bc-4ae8-bb00-cbff9c3b2e88","0","2a","7","0","0","0"
"a11b642e-75bc-4ae8-bb00-cbff9c3b2e88","0","2a","8","0","0","0"
"a11b642e-75bc-4ae8-bb00-cbff9c3b2e88","0","2a","9","0","0","0"
"a11b642e-75bc-4ae8-bb00-cbff9c3b2e88","0","2a","10","0","0","0"
"a11b642e-75bc-4ae8-bb00-cbff9c3b2e88","1","2a","0","0","0","0"
"a11b642e-75bc-4ae8-bb00-cbff9c3b2e88","1","2a","1","0","0","0"
"a11b642e-75bc-4ae8-bb00-cbff9c3b2e88","1","2a","2","0","0","0"
"a11b642e-75bc-4ae8-bb00-cbff9c3b2e88","1","2a","3","0","0","0"
"a11b642e-75bc-4ae8-bb00-cbff9c3b2e88","1","2a","4","0","0","0"
"a11b642e-75bc-4ae8-bb00-cbff9c3b2e88","1","2a","5","0","0","0"
"a11b642e-75bc-4ae8-bb00-cbff9c3b2e88","1","2a","6","0","0","0"
"a11b642e-75bc-4ae8-bb00-cbff9c3b2e88","1","2a","7","0","0","0"
"a11b642e-75bc-4ae8-bb00-cbff9c3b2e88","1","2a","8","0","0","0"
"a11b642e-75bc-4ae8-bb00-cbff9c3b2e88","1","2a","9","0","0","0"
"a11b642e-75bc-4ae8-bb00-cbff9c3b2e88","1","2a","10","0","0","0"
"a11b642e-75bc-4ae8-bb00-cbff9c3b2e88","2","2a","0","0","0","0"
"a11b642e-75bc-4ae8-bb00-cbff9c3b2e88","2","2a","1","0","0","0"
"a11b642e-75bc-4ae8-bb00-cbff9c3b2e88","2","2a","2","0","0","0"
"a11b642e-75bc-4ae8-bb00-cbff9c3b2e88","2","2a","3","0","0","0"
"a11b642e-75bc-4ae8-bb00-cbff9c3b2e88","2","2a","4","0","0","0"
"a11b642e-75bc-4ae8-bb00-cbff9c3b2e88","2","2a","5","0","0","0"
"a11b642e-75bc-4ae8-bb00-cbff9c3b2e88","2","2a","6","0","0","0"
"a11b642e-75bc-4ae8-bb00-cbff9c3b2e88","2","2a","7","0","0","0"
"a11b642e-75bc-4ae8-bb00-cbff9c3b2e88","2","2a","8","0","0","0"
"a11b642e-75bc-4ae8-bb00-cbff9c3b2e88","2","2a","9","0","0","0"
"a11b642e-75bc-4ae8-bb00-cbff9c3b2e88","2","2a","10","0","0","0"
"a6507dfb-3bf3-4007-bc5f-0e74cb0809d5","0","2a","0","0","0","0"
"a6507dfb-3bf3-4007-bc5f-0e74cb0809d5","0","2a","1","0","0","0"
"a6507dfb-3bf3-4007-bc5f-0e74cb0809d5","0","2a","2","0","0","0"
"a6507dfb-3bf3-4007-bc5f-0e74cb0809d5","0","2a","3","0","0","0"
"a6507dfb-3bf3-4007-bc5f-0e74cb0809d5","0","2a","4","0","0","0"
"a6507dfb-3bf3-4007-bc5f-0e74cb0809d5","0","2a","5","0","0","0"
"a6507dfb-3bf3-4007-bc5f-0e74cb0809d5","0","2a","6","0","0","0"
"a6507dfb-3bf3-4007-bc5f-0e74cb0809d5","0","2a","7","0","0","0"
"a6507dfb-3bf3-4007-bc5f-0e74cb0809d5","0","2a","8","0","0","0"
"a6507dfb-3bf3-4007-bc5f-0e74cb0809d5","0","2a","9","0","0","0"
"a6507dfb-3bf3-4007-bc5f-0e74cb0809d5","0","2a","10","0","0","0"
"a6507dfb-3bf3-4007-bc5f-0e74cb0809d5","1","2a","0","0","0","0"
"a6507dfb-3bf3-4007-bc5f-0e74cb0809d5","1","2a","1","0","0","0"
"a6507dfb-3bf3-4007-bc5f-0e74cb0809d5","1","2a","2","0","0","0"
"a6507dfb-3bf3-4007-bc5f-0e74cb0809d5","1","2a","3","0","0","0"
"a6507dfb-3bf3-4007-bc5f-0e74cb0809d5","1","2a","4","0","0","0"
"a6507dfb-3bf3-4007-bc5f-0e74cb0809d5","1","2a","5","0","0","0"
"a6507dfb-3bf3-4007-bc5f-0e74cb0809d5","1","2a","6","0","0","0"
"a6507dfb-3bf3-4007-bc5f-0e74cb0809d5","1","2a","7","0","0","0"
"a6507dfb-3bf3-4007-bc5f-0e74cb0809d5","1","2a","8","0","0","0"
"a6507dfb-3bf3-4007-bc5f-0e74cb0809d5","1","2a","9","0","0","0"
"a6507dfb-3bf3-4007-bc5f-0e74cb0809d5","1","2a","10","0","0","0"
"a6507dfb-3bf3-4007-bc5f-0e74cb0809d5","1","2a","11","0","0","0"
"a6507dfb-3bf3-4007-bc5f-0e74cb0809d5","2","2a","0","0","0","0"
"a6507dfb-3bf3-4007-bc5f-0e74cb0809d5","2","2a","1","0","0","0"
"a6507dfb-3bf3-4007-bc5f-0e74cb0809d5","2","2a","2","0","0","0"
"a6507dfb-3bf3-4007-bc5f-0e74cb0809d5","2","2a","3","0","0","0"
"a6507dfb-3bf3-4007-bc5f-0e74cb0809d5","2","2a","4","0","0","0"
"a6507dfb-3bf3-4007-bc5f-0e74cb0809d5","2","2a","5","0","0","0"
"a6507dfb-3bf3-4007-bc5f-0e74cb0809d5","2","2a","6","0","0","0"
"a6507dfb-3bf3-4007-bc5f-0e74cb0809d5","2","2a","7","0","0","0"
"a6507dfb-3bf3-4007-bc5f-0e74cb0809d5","2","2a","8","0","0","0"
"a6507dfb-3bf3-4007-bc5f-0e74cb0809d5","2","2a","9","0","0","0"
"a6507dfb-3bf3-4007-bc5f-0e74cb0809d5","2","2a","10","0","0","0"
"b5efef81-d69e-4e71-8b5e-6e4b1aaa82cc","0","2a","0","0","0","0"
"b5efef81-d69e-4e71-8b5e-6e4b1aaa82cc","0","2a","1","0","0","0"
"b5efef81-d69e-4e71-8b5e-6e4b1aaa82cc","0","2a","2","0","0","0"
"b5efef81-d69e-4e71-8b5e-6e4b1aaa82cc","0","2a","3","0","0","0"
"b5efef81-d69e-4e71-8b5e-6e4b1aaa82cc","0","2a","4","0","0","0"
"b5efef81-d69e-4e71-8b5e-6e4b1aaa82cc","0","2a","5","0","0","0"
"b5efef81-d69e-4e71-8b5e-6e4b1aaa82cc","0","2a","6","0","0","0"
"b5efef81-d69e-4e71-8b5e-6e4b1aaa82cc","0","2a","7","0","0","0"
"b5efef81-d69e-4e71-8b5e-6e4b1aaa82cc","0","2a","8","0","0","0"
"b5efef81-d69e-4e71-8b5e-6e4b1aaa82cc","0","2a","9","0","0","0"
"b5efef81-d69e-4e71-8b5e-6e4b1aaa82cc","0","2a","10","0","0","0"
"b5efef81-d69e-4e71-8b5e-6e4b1aaa82cc","1","2a","0","0","0","0"
"b5efef81-d69e-4e71-8b5e-6e4b1aaa82cc","1","2a","1","0","0","0"
"b5efef81-d69e-4e71-8b5e-6e4b1aaa82cc","1","2a","2","0","0","0"
"b5efef81-d69e-4e71-8b5e-6e4b1aaa82cc","1","2a","3","0","0","0"
"b5efef81-d69e-4e71-8b5e-6e4b1aaa82cc","1","2a","4","0","0","0"
"b5efef81-d69e-4e71-8b5e-6e4b1aaa82cc","1","2a","5","0","0","0"
"b5efef81-d69e-4e71-8b5e-6e4b1aaa82cc","1","2a","6","0","0","0"
"b5efef81-d69e-4e71-8b5e-6e4b1aaa82cc","1","2a","7","0","0","0"
"b5efef81-d69e-4e71-8b5e-6e4b1aaa82cc","1","2a","8","0","0","0"
"b5efef81-d69e-4e71-8b5e-6e4b1aaa82cc","1","2a","9","0","0","0"
"b5efef81-d69e-4e71-8b5e-6e4b1aaa82cc","1","2a","10","0","0","0"
"b5efef81-d69e-4e71-8b5e-6e4b1aaa82cc","2","2a","0","0","0","0"
"b5efef81-d69e-4e71-8b5e-6e4b1aaa82cc","2","2a","1","0","0","0"
"b5efef81-d69e-4e71-8b5e-6e4b1aaa82cc","2","2a","2","0","0","0"
"b5efef81-d69e-4e71-8b5e-6e4b1aaa82cc","2","2a","3","0","0","0"
"b5efef81-d69e-4e71-8b5e-6e4b1aaa82cc","2","2a","4","0","0","0"
"b5efef81-d69e-4e71-8b5e-6e4b1aaa82cc","2","2a","5","0","0","0"
"b5efef81-d69e-4e71-8b5e-6e4b1aaa82cc","2","2a","6","0","0","0"
"b5efef81-d69e-4e71-8b5e-6e4b1aaa82cc","2","2a","7","0","0","0"
"b5efef81-d69e-4e71-8b5e-6e4b1aaa82cc","2","2a","8","0","0","0"
"b5efef81-d69e-4e71-8b5e-6e4b1aaa82cc","2","2a","9","0","0","0"
"b5efef81-d69e-4e71-8b5e-6e4b1aaa82cc","2","2a","10","0","0","0"
"bafdabe2-8b49-434a-aaf3-b06d61906024","0","2a","0","0","0","0"
"bafdabe2-8b49-434a-aaf3-b06d61906024","0","2a","1","0","0","0"
"bafdabe2-8b49-434a-aaf3-b06d61906024","0","2a","2","0","0","0"
"bafdabe2-8b49-434a-aaf3-b06d61906024","0","2a","3","0","0","0"
"bafdabe2-8b49-434a-aaf3-b06d61906024","0","2a","4","0","0","0"
"bafdabe2-8b49-434a-aaf3-b06d61906024","0","2a","5","0","0","0"
"bafdabe2-8b49-434a-aaf3-b06d61906024","0","2a","6","0","0","0"
"bafdabe2-8b49-434a-aaf3-b06d61906024","0","2a","7","0","0","0"
"bafdabe2-8b49-434a-aaf3-b06d61906024","0","2a","8","0","0","0"
"bafdabe2-8b49-434a-aaf3-b06d61906024","0","2a","9","0","0","0"
"bafdabe2-8b49-434a-aaf3-b06d61906024","0","2a","10","0","0","0"
"bafdabe2-8b49-434a-aaf3-b06d61906024","1","2a","0","0","0","0"
"bafdabe2-8b49-434a-aaf3-b06d61906024","1","2a","1","0","0","0"
"bafdabe2-8b49-434a-aaf3-b06d61906024","1","2a","2","0","0","0"
"bafdabe2-8b49-434a-aaf3-b06d61906024","1","2a","3","0","0","0"
"bafdabe2-8b49-434a-aaf3-b06d61906024","1","2a","4","0","0","0"
"bafdabe2-8b49-434a-aaf3-b06d61906024","1","2a","5","0","0","0"
"bafdabe2-8b49-434a-aaf3-b06d61906024","1","2a","6","0","0","0"
"bafdabe2-8b49-434a-aaf3-b06d61906024","1","2a","7","0","0","0"
"bafdabe2-8b49-434a-aaf3-b06d61906024","1","2a","8","0","0","0"
"bafdabe2-8b49-434a-aaf3-b06d61906024","1","2a","9","0","0","0"
"bafdabe2-8b49-434a-aaf3-b06d61906024","1","2a","10","0","0","0"
"e41db89e-c7b4-4c6c-9016-d89e258bf28b","0","2a","0","0","0","0"
"e41db89e-c7b4-4c6c-9016-d89e258bf28b","0","2a","1","0","0","0"
"e41db89e-c7b4-4c6c-9016-d89e258bf28b","0","2a","2","0","0","0"
"e41db89e-c7b4-4c6c-9016-d89e258bf28b","0","2a","3","0","0","0"
"e41db89e-c7b4-4c6c-9016-d89e258bf28b","0","2a","4","0","0","0"
"e41db89e-c7b4-4c6c-9016-d89e258bf28b","0","2a","5","0","0","0"
"e41db89e-c7b4-4c6c-9016-d89e258bf28b","0","2a","6","0","0","0"
"e41db89e-c7b4-4c6c-9016-d89e258bf28b","0","2a","7","0","0","0"
"e41db89e-c7b4-4c6c-9016-d89e258bf28b","0","2a","8","0","0","0"
"e41db89e-c7b4-4c6c-9016-d89e258bf28b","0","2a","9","0","0","0"
"e41db89e-c7b4-4c6c-9016-d89e258bf28b","0","2a","10","0","0","0"
"e41db89e-c7b4-4c6c-9016-d89e258bf28b","1","2a","0","0","0","0"
"e41db89e-c7b4-4c6c-9016-d89e258bf28b","1","2a","1","0","0","0"
"e41db89e-c7b4-4c6c-9016-d89e258bf28b","1","2a","2","0","0","0"
"e41db89e-c7b4-4c6c-9016-d89e258bf28b","1","2a","3","0","0","0"
"e41db89e-c7b4-4c6c-9016-d89e258bf28b","1","2a","4","0","0","0"
"e41db89e-c7b4-4c6c-9016-d89e258bf28b","1","2a","5","0","0","0"
"e41db89e-c7b4-4c6c-9016-d89e258bf28b","1","2a","6","0","0","0"
"e41db89e-c7b4-4c6c-9016-d89e258bf28b","1","2a","7","0","0","0"
"e41db89e-c7b4-4c6c-9016-d89e258bf28b","1","2a","8","0","0","0"
"e41db89e-c7b4-4c6c-9016-d89e258bf28b","1","2a","9","0","0","0"
"e41db89e-c7b4-4c6c-9016-d89e258bf28b","1","2a","10","0","0","0"
"e6404804-9a54-418a-a8f0-775592877cfe","0","2a","0","0","0","0"
"e6404804-9a54-418a-a8f0-775592877cfe","0","2a","1","0","0","0"
"e6404804-9a54-418a-a8f0-775592877cfe","0","2a","2","0","0","0"
"e6404804-9a54-418a-a8f0-775592877cfe","0","2a","3","0","0","0"
"e6404804-9a54-418a-a8f0-775592877cfe","0","2a","4","0","0","0"
"e6404804-9a54-418a-a8f0-775592877cfe","0","2a","5","0","0","0"
"e6404804-9a54-418a-a8f0-775592877cfe","0","2a","6","0","0","0"
"e6404804-9a54-418a-a8f0-775592877cfe","0","2a","7","0","0","0"
"e6404804-9a54-418a-a8f0-775592877cfe","0","2a","8","0","0","0"
"e6404804-9a54-418a-a8f0-775592877cfe","0","2a","9","0","0","0"
"e6404804-9a54-418a-a8f0-775592877cfe","0","2a","10","0","0","0"
"e6404804-9a54-418a-a8f0-775592877cfe","1","2a","0","0","0","0"
"e6404804-9a54-418a-a8f0-775592877cfe","1","2a","1","0","0","0"
"e6404804-9a54-418a-a8f0-775592877cfe","1","2a","2","0","0","0"
"e6404804-9a54-418a-a8f0-775592877cfe","1","2a","3","0","0","0"
"e6404804-9a54-418a-a8f0-775592877cfe","1","2a","4","0","0","0"
"e6404804-9a54-418a-a8f0-775592877cfe","1","2a","5","0","0","0"
"e6404804-9a54-418a-a8f0-775592877cfe","1","2a","6","0","0","0"
"e6404804-9a54-418a-a8f0-775592877cfe","1","2a","7","0","0","0"
"e6404804-9a54-418a-a8f0-775592877cfe","1","2a","8","0","0","0"
"e6404804-9a54-418a-a8f0-775592877cfe","1","2a","9","0","0","0"
"e6404804-9a54-418a-a8f0-775592877cfe","1","2a","10","0","0","0"
"e6404804-9a54-418a-a8f0-775592877cfe","2","2a","0","0","0","0"
"e6404804-9a54-418a-a8f0-775592877cfe","2","2a","1","0","0","0"
"e6404804-9a54-418a-a8f0-775592877cfe","2","2a","2","0","0","0"
"e6404804-9a54-418a-a8f0-775592877cfe","2","2a","3","0","0","0"
"e6404804-9a54-418a-a8f0-775592877cfe","2","2a","4","0","0","0"
"e6404804-9a54-418a-a8f0-775592877cfe","2","2a","5","0","1","0"
"e6404804-9a54-418a-a8f0-775592877cfe","2","2a","6","0","0","0"
"e6404804-9a54-418a-a8f0-775592877cfe","2","2a","7","0","0","0"
"e6404804-9a54-418a-a8f0-775592877cfe","2","2a","8","0","0","0"
"e6404804-9a54-418a-a8f0-775592877cfe","2","2a","9","0","0","0"
"e861cdce-a713-40ab-82ac-4d9691788a19","0","2a","0","0","0","0"
"e861cdce-a713-40ab-82ac-4d9691788a19","0","2a","1","0","0","0"
"e861cdce-a713-40ab-82ac-4d9691788a19","0","2a","2","0","0","0"
"e861cdce-a713-40ab-82ac-4d9691788a19","0","2a","3","0","0","0"
"e861cdce-a713-40ab-82ac-4d9691788a19","0","2a","4","0","0","0"
"e861cdce-a713-40ab-82ac-4d9691788a19","0","2a","5","0","0","0"
"e861cdce-a713-40ab-82ac-4d9691788a19","0","2a","6","0","0","0"
"e861cdce-a713-40ab-82ac-4d9691788a19","0","2a","7","0","0","0"
"e861cdce-a713-40ab-82ac-4d9691788a19","0","2a","8","0","0","0"
"e861cdce-a713-40ab-82ac-4d9691788a19","0","2a","9","0","0","0"
"e861cdce-a713-40ab-82ac-4d9691788a19","0","2a","10","0","0","0"
"e861cdce-a713-40ab-82ac-4d9691788a19","1","2a","0","0","0","0"
"e861cdce-a713-40ab-82ac-4d9691788a19","1","2a","1","0","0","0"
"e861cdce-a713-40ab-82ac-4d9691788a19","1","2a","2","0","0","0"
"e861cdce-a713-40ab-82ac-4d9691788a19","1","2a","3","0","0","0"
"e861cdce-a713-40ab-82ac-4d9691788a19","1","2a","4","0","0","0"
"e861cdce-a713-40ab-82ac-4d9691788a19","1","2a","5","0","0","0"
"e861cdce-a713-40ab-82ac-4d9691788a19","1","2a","6","0","0","0"
"e861cdce-a713-40ab-82ac-4d9691788a19","1","2a","7","0","0","0"
"e861cdce-a713-40ab-82ac-4d9691788a19","1","2a","8","0","0","0"
"e861cdce-a713-40ab-82ac-4d9691788a19","1","2a","9","0","0","0"
"e861cdce-a713-40ab-82ac-4d9691788a19","1","2a","10","0","0","0"
"e861cdce-a713-40ab-82ac-4d9691788a19","2","2a","0","0","0","0"
"e861cdce-a713-40ab-82ac-4d9691788a19","2","2a","1","0","0","0"
"e861cdce-a713-40ab-82ac-4d9691788a19","2","2a","2","0","0","0"
"e861cdce-a713-40ab-82ac-4d9691788a19","2","2a","3","0","0","0"
"e861cdce-a713-40ab-82ac-4d9691788a19","2","2a","4","0","0","0"
"e861cdce-a713-40ab-82ac-4d9691788a19","2","2a","5","0","0","0"
"e861cdce-a713-40ab-82ac-4d9691788a19","2","2a","6","0","0","0"
"e861cdce-a713-40ab-82ac-4d9691788a19","2","2a","7","0","0","0"
"e861cdce-a713-40ab-82ac-4d9691788a19","2","2a","8","0","0","0"
"e861cdce-a713-40ab-82ac-4d9691788a19","2","2a","9","0","0","0"
"e861cdce-a713-40ab-82ac-4d9691788a19","2","2a","10","0","0","0"
"ea92f37c-6652-4339-b685-7ae99d5f272f","0","2a","0","0","0","0"
"ea92f37c-6652-4339-b685-7ae99d5f272f","0","2a","1","0","0","0"
"ea92f37c-6652-4339-b685-7ae99d5f272f","0","2a","2","0","0","0"
"ea92f37c-6652-4339-b685-7ae99d5f272f","0","2a","3","0","0","0"
"ea92f37c-6652-4339-b685-7ae99d5f272f","0","2a","4","0","0","0"
"ea92f37c-6652-4339-b685-7ae99d5f272f","0","2a","5","0","0","0"
"ea92f37c-6652-4339-b685-7ae99d5f272f","0","2a","6","0","0","0"
"ea92f37c-6652-4339-b685-7ae99d5f272f","0","2a","7","0","0","0"
"ea92f37c-6652-4339-b685-7ae99d5f272f","0","2a","8","0","0","0"
"ea92f37c-6652-4339-b685-7ae99d5f272f","0","2a","9","0","0","0"
"ea92f37c-6652-4339-b685-7ae99d5f272f","0","2a","10","0","0","0"
"ea92f37c-6652-4339-b685-7ae99d5f272f","1","2a","0","0","0","0"
"ea92f37c-6652-4339-b685-7ae99d5f272f","1","2a","1","0","0","0"
"ea92f37c-6652-4339-b685-7ae99d5f272f","1","2a","2","0","0","0"
"ea92f37c-6652-4339-b685-7ae99d5f272f","1","2a","3","1","0","0"
"ea92f37c-6652-4339-b685-7ae99d5f272f","1","2a","4","0","0","0"
"ea92f37c-6652-4339-b685-7ae99d5f272f","1","2a","5","0","0","0"
"ea92f37c-6652-4339-b685-7ae99d5f272f","1","2a","6","0","0","0"
"ea92f37c-6652-4339-b685-7ae99d5f272f","1","2a","7","0","0","0"
"ea92f37c-6652-4339-b685-7ae99d5f272f","1","2a","8","0","0","0"
"ea92f37c-6652-4339-b685-7ae99d5f272f","1","2a","9","0","0","0"
"ea92f37c-6652-4339-b685-7ae99d5f272f","1","2a","10","0","0","0"
"ea92f37c-6652-4339-b685-7ae99d5f272f","2","2a","0","0","0","0"
"ea92f37c-6652-4339-b685-7ae99d5f272f","2","2a","1","0","0","0"
"ea92f37c-6652-4339-b685-7ae99d5f272f","2","2a","2","0","0","0"
"ea92f37c-6652-4339-b685-7ae99d5f272f","2","2a","3","0","0","0"
"ea92f37c-6652-4339-b685-7ae99d5f272f","2","2a","4","0","0","0"
"ea92f37c-6652-4339-b685-7ae99d5f272f","2","2a","5","0","0","0"
"ea92f37c-6652-4339-b685-7ae99d5f272f","2","2a","6","0","0","0"
"ea92f37c-6652-4339-b685-7ae99d5f272f","2","2a","7","0","0","0"
"ea92f37c-6652-4339-b685-7ae99d5f272f","2","2a","8","0","0","0"
"ea92f37c-6652-4339-b685-7ae99d5f272f","2","2a","9","0","0","0"
"ea92f37c-6652-4339-b685-7ae99d5f272f","2","2a","10","0","0","0"